{
    "resources": [
        {
            "name": "view/createEmployee.view.xml"
        },
        {
            "name": "i18n/i18n.properties",
            "raw": "i18n/i18n.properties"
        },
        {
            "name": "controller/Main.controller.js"
        },
        {
            "name": "model/models.js"
        },
        {
            "name": "controller/viewEmployee.controller.js"
        },
        {
            "name": "controller/createEmployee.controller.js"
        },
        {
            "name": "manifest.json"
        },
        {
            "name": "controller/App.controller.js"
        },
        {
            "name": "Component.js"
        },
        {
            "name": "manifest-bundle.zip"
        },
        {
            "name": "Component-preload.js",
            "merged": true
        },
        {
            "name": "controller/Main-dbg.controller.js",
            "isDebug": true
        },
        {
            "name": "controller/viewEmployee-dbg.controller.js",
            "isDebug": true
        },
        {
            "name": "controller/createEmployee-dbg.controller.js",
            "isDebug": true
        },
        {
            "name": "model/models-dbg.js",
            "isDebug": true
        },
        {
            "name": "controller/App-dbg.controller.js",
            "isDebug": true
        },
        {
            "name": "Component-dbg.js",
            "isDebug": true
        },
        {
            "name": "../../sap-ui-version.json"
        },
        {
            "name": "view/viewEmployee.view.xml"
        },
        {
            "name": "i18n/i18n_es.properties",
            "raw": "i18n/i18n.properties",
            "locale": "_es"
        },
        {
            "name": "view/Main.view.xml"
        },
        {
            "name": "view/App.view.xml"
        },
        {
            "name": "fragment/DialogRiseEmployee.fragment.xml"
        },
        {
            "name": "css/style.css"
        },
        {
            "name": "index.html"
        }
    ]
}