{
  "model/models.js": 1626529052396,
  "i18n/i18n.properties": 1627588862191,
  "controller/Main.controller.js": 1627580418713,
  "i18n/i18n_es.properties": 1627588844482,
  "controller/viewEmployee.controller.js": 1627957913740,
  "controller/createEmployee.controller.js": 1627657744346,
  "manifest.json": 1627961329600,
  "controller/App.controller.js": 1626530146907,
  "Component.js": 1627611154903,
  "manifest-bundle.zip": 1627961329191,
  "Component-preload.js": 1627961329518,
  "controller/Main-dbg.controller.js": 1627580418713,
  "controller/viewEmployee-dbg.controller.js": 1627957913740,
  "controller/createEmployee-dbg.controller.js": 1627657744346,
  "model/models-dbg.js": 1626529052396,
  "controller/App-dbg.controller.js": 1626530146907,
  "Component-dbg.js": 1627611154903,
  "resources.json": 1627961329603,
  "view/viewEmployee.view.xml": 1627961238833,
  "view/createEmployee.view.xml": 1627588360516,
  "view/Main.view.xml": 1626962811796,
  "view/App.view.xml": 1626530033572,
  "fragment/DialogRiseEmployee.fragment.xml": 1627312711547,
  "css/style.css": 1626545730269,
  "index.html": 1626529052392
}